field_id,field_name,n_px,pred_mean,actual_mean,residual,pct_residual,pred_median,actual_median,pred_std,actual_std
2,Central Farm_1-14B,83,67.8638,50.0166,17.8472,35.68,69.3341,49.6573,5.5527,11.3527
4,Central Farm_1-20A,8,78.0716,53.7040,24.3675,45.37,78.1624,51.6415,1.1132,4.5210
5,Central Farm_1-20B,29,76.6398,58.0436,18.5961,32.04,76.8407,57.2654,4.0291,6.6928
7,Central Farm_2-32A,93,72.3400,53.6936,18.6465,34.73,73.7303,53.1759,5.4287,6.0831
12,Central Farm_4-23A,56,53.9477,22.6408,31.3069,138.28,55.2430,22.8229,6.5859,5.3276
20,Central Farm_1-21,15,72.7816,50.5269,22.2547,44.05,72.5868,49.4198,1.0888,3.8381
21,Central Farm_1-33,38,72.0549,50.7271,21.3278,42.04,72.9638,52.6418,3.8654,8.8568
25,Central Farm_1-9,166,83.8429,56.9899,26.8530,47.12,84.3781,58.6860,7.3153,9.0057
31,East Farm_5-1112,202,56.5086,42.7944,13.7142,32.05,58.3183,42.8382,7.3912,8.1579
37,East Farm_5-9,128,69.9672,57.1178,12.8494,22.50,69.1605,58.2382,8.4908,6.9984
38,East Farm_6-57,41,59.9837,45.2041,14.7797,32.70,60.8987,46.6741,6.2509,9.7294
39,East Farm_6-59,19,55.3836,38.3550,17.0287,44.40,55.7876,39.6417,6.0667,6.2167
40,East Farm_6-60,141,58.7303,40.0254,18.7049,46.73,59.7731,39.2434,8.7089,9.8236
50,Central Farm_1-1,112,72.6708,52.9758,19.6950,37.18,73.7890,52.4080,6.6862,7.0706
55,APU_4,15,57.1732,42.5924,14.5809,34.23,57.2458,42.8048,2.5537,8.4277
56,APU_5,51,63.8554,50.2463,13.6091,27.08,64.9068,51.6863,4.0407,10.6446
59,East Farm_5-3A,70,60.0421,46.8516,13.1905,28.15,60.7636,46.9485,6.2412,5.3867
60,East Farm_5-3B,37,53.0928,39.1586,13.9342,35.58,52.5533,37.3657,5.7386,7.7287
61,East Farm_5-3C1,33,41.4958,25.3363,16.1595,63.78,41.8588,25.9492,3.9738,5.4101
82,Central Farm_2-43,47,70.9813,54.6589,16.3224,29.86,71.0275,56.2486,3.5654,4.9344
101,Central Farm_1-2A,56,76.1194,47.4280,28.6914,60.49,77.9481,46.9284,5.4241,5.6919
102,Central Farm_1-2C,59,73.8373,41.7970,32.0403,76.66,75.3089,41.3597,4.4368,4.3067
105,East Farm_5-8,87,63.8572,44.7176,19.1396,42.80,65.6246,43.9756,6.9439,7.1878
107,Central Farm_2-32C,99,74.2600,62.2683,11.9916,19.26,74.1487,62.1812,5.8669,5.5708
